GENE,gene_name,gene,zscore,effect_size,P,var_g,pred_perf_r2,pred_perf_pval,n_snps_used,n_snps_in_cov,n_snps_in_model,PROBE_ID,CHR,BP,Phenotype,Model
SL000051_ENSG00000132693,SL000051,SL000051_ENSG00000132693.12,15.8974852993169,1.03841654836879,6.59597882020763e-57,0.0213383003595286,0.0262680133033987,0.0322343055334441,15,15,15,SL000051_ENSG00000132693.12,1,158731630,C-reactive,AFA
SL001943_ENSG00000160712,SL001943,SL001943_ENSG00000160712.13,-11.5088755382368,-0.102944348177756,1.1902013760825e-30,0.253065922988862,0.291450459039012,3.8514750645755e-15,57,58,58,SL001943_ENSG00000160712.13,1,153431184,C-reactive,AFA
SL000276_ENSG00000130203,SL000276,SL000276_ENSG00000130203.10,-8.92898602884146,-2.72864979453591,4.2993116008889e-19,0.0876583893074791,0.211562435162616,6.79453417355402e-11,10,10,10,SL000276_ENSG00000130203.10,19,44582856,HDL_cholesterol,AFA
SL000277_ENSG00000130203,SL000277,SL000277_ENSG00000130203.10,-7.10070978184032,-2.4056392147823,1.24117774798472e-12,0.0753214401053161,0.103490358058824,9.07679892105585e-06,25,26,26,SL000277_ENSG00000130203.10,19,43980123,HDL_cholesterol,AFA
SL000668_ENSG00000135218,SL000668,SL000668_ENSG00000135218.19,-6.41807586587662,-1.63710842672037,1.3800748163382e-10,0.332026148143437,0.237017583746626,1.53858958941175e-12,119,119,119,SL000668_ENSG00000135218.19,7,79408538,HDL_cholesterol,AFA
SL004668_ENSG00000130203,SL004668,SL004668_ENSG00000130203.10,-7.27815373238381,-1.69797115312904,3.38419564263658e-13,0.14950397735902,0.218885025881668,1.44366059245212e-11,41,41,41,SL004668_ENSG00000130203.10,19,43906462,HDL_cholesterol,AFA
SL004669_ENSG00000130203,SL004669,SL004669_ENSG00000130203.10,-6.54370467610885,-2.04062921004107,6.00132533411642e-11,0.0863551384124043,0.0666793907453523,0.000580216877412987,35,36,36,SL004669_ENSG00000130203.10,19,43906462,HDL_cholesterol,AFA
SL000276_ENSG00000130203,SL000276,SL000276_ENSG00000130203.10,27.8522795365158,23.5684737752088,1.01079485335319e-170,0.0876583893074791,0.211562435162616,6.79453417355402e-11,10,10,10,SL000276_ENSG00000130203.10,19,44582856,LDL_cholesterol,AFA
SL000277_ENSG00000130203,SL000277,SL000277_ENSG00000130203.10,20.6329674583178,19.4369167756678,1.38861775799182e-94,0.0753214401053161,0.103490358058824,9.07679892105585e-06,25,26,26,SL000277_ENSG00000130203.10,19,43980123,LDL_cholesterol,AFA
SL004668_ENSG00000130203,SL004668,SL004668_ENSG00000130203.10,23.2358998835799,15.2746335243449,1.97539988374071e-119,0.14950397735902,0.218885025881668,1.44366059245212e-11,41,41,41,SL004668_ENSG00000130203.10,19,43906462,LDL_cholesterol,AFA
SL004669_ENSG00000130203,SL004669,SL004669_ENSG00000130203.10,21.1825500714597,18.5321660848234,1.38337336037891e-99,0.0863551384124043,0.0666793907453523,0.000580216877412987,35,36,36,SL004669_ENSG00000130203.10,19,43906462,LDL_cholesterol,AFA
SL000276_ENSG00000130203,SL000276,SL000276_ENSG00000130203.10,20.8388694957433,19.7394550661367,1.92327028143236e-96,0.0876583893074791,0.211562435162616,6.79453417355402e-11,10,10,10,SL000276_ENSG00000130203.10,19,44582856,Total_cholesterol,AFA
SL000277_ENSG00000130203,SL000277,SL000277_ENSG00000130203.10,16.0260797162324,17.1181267876039,8.40187396475444e-58,0.0753214401053161,0.103490358058824,9.07679892105585e-06,25,26,26,SL000277_ENSG00000130203.10,19,43980123,Total_cholesterol,AFA
SL004668_ENSG00000130203,SL004668,SL004668_ENSG00000130203.10,17.6149267003468,12.9881628842181,1.89234123345976e-69,0.14950397735902,0.218885025881668,1.44366059245212e-11,41,41,41,SL004668_ENSG00000130203.10,19,43906462,Total_cholesterol,AFA
SL004669_ENSG00000130203,SL004669,SL004669_ENSG00000130203.10,15.9718653153896,15.5800008426391,2.00693169252778e-57,0.0863551384124043,0.0666793907453523,0.000580216877412987,35,36,36,SL004669_ENSG00000130203.10,19,43906462,Total_cholesterol,AFA
SL008094_ENSG00000079739,SL008094,SL008094_ENSG00000079739.17,7.41175238546677,21.0777443912325,1.24641317937011e-13,0.00844959071837134,0.000166889278150771,0.8674835221635,20,20,20,SL008094_ENSG00000079739.17,1,62648018,Total_cholesterol,AFA
SL008094_ENSG00000079739,SL008094,SL008094_ENSG00000079739.17,7.49973852157225,0.246911011992024,6.39452628271653e-14,0.00844959071837134,0.000166889278150771,0.8674835221635,20,20,20,SL008094_ENSG00000079739.17,1,62648018,Triglyceride,AFA
SL000051_ENSG00000132693,SL000051,SL000051_ENSG00000132693.12,-11.3487602454905,-0.184102519099312,7.52216726690388e-30,0.0213383003595286,0.0262680133033987,0.0322343055334441,15,15,15,SL000051_ENSG00000132693.12,1,158731630,WBC,AFA
SL004811_ENSG00000158710,SL004811,SL004811_ENSG00000158710.14,-7.0428150746839,-0.182698957072718,1.88394194519143e-12,0.00252015765430674,0.000398497985395146,0.792738529372962,2,2,2,SL004811_ENSG00000158710.14,1,158964075,WBC,AFA
SL006108_ENSG00000073754,SL006108,SL006108_ENSG00000073754.6,8.05377722205019,0.0858658468543907,8.02772781728533e-16,0.061072003214502,0.00107133439390309,0.665140680053621,50,50,50,SL006108_ENSG00000073754.6,1,156881523,WBC,AFA
SL000051_ENSG00000132693,SL000051,SL000051_ENSG00000132693.12,23.5449783639332,1.39822861623282,1.41323096811588e-122,0.00971759479905212,0.012527286148114,0.000505240166853243,19,19,19,SL000051_ENSG00000132693.12,1,158730400,C-reactive,ALL
SL000573_ENSG00000132703,SL000573,SL000573_ENSG00000132703.4,-7.38204512287684,-0.334365249310103,1.5587634146555e-13,0.0167300656419384,0.00738710215532379,0.00719785257679311,42,42,42,SL000573_ENSG00000132703.4,1,158708305,C-reactive,ALL
SL001943_ENSG00000160712,SL001943,SL001943_ENSG00000160712.13,-11.6730791249547,-0.0987556242985825,1.74973488775064e-31,0.532076990254537,0.641243997164672,6.852263526846e-257,58,59,59,SL001943_ENSG00000160712.13,1,153552230,C-reactive,ALL
SL001990_ENSG00000136689,SL001990,SL001990_ENSG00000136689.18,-6.42760106658886,-0.188345878836597,1.29633406315275e-10,0.0425012686466614,0.0735294251544034,6.66118822919763e-18,19,19,19,SL001990_ENSG00000136689.18,2,112110584,C-reactive,ALL
SL000668_ENSG00000135218,SL000668,SL000668_ENSG00000135218.19,-6.44465988465253,-1.90350921943721,1.15859939019568e-10,0.0779039406622761,0.0346314222561613,5.64172851468566e-09,105,106,106,SL000668_ENSG00000135218.19,7,79379983,HDL_cholesterol,ALL
SL000437_ENSG00000257017,SL000437,SL000437_ENSG00000257017.9,-6.09322832062513,-1.86052879355687,1.10656058341164e-09,0.520474254462221,0.526648238438543,9.31916614253888e-180,149,150,150,SL000437_ENSG00000257017.9,16,71063821,LDL_cholesterol,ALL
SL000437_ENSG00000257017,SL000437,SL000437_ENSG00000257017.9,-6.01597865188972,-2.06775738470933,1.78803136166042e-09,0.520474254462221,0.526648238438543,9.31916614253888e-180,149,150,150,SL000437_ENSG00000257017.9,16,71063821,Total_cholesterol,ALL
SL000051_ENSG00000132693,SL000051,SL000051_ENSG00000132693.12,-8.95202733798988,-0.155342698128814,3.49012495876755e-19,0.00971759479905212,0.012527286148114,0.000505240166853243,19,19,19,SL000051_ENSG00000132693.12,1,158730400,WBC,ALL
SL006108_ENSG00000073754,SL006108,SL006108_ENSG00000073754.6,10.0100225922196,0.351876256628439,1.37721087121523e-23,0.00335061766314591,0.0147246842794807,0.000154280796082577,4,4,4,SL006108_ENSG00000073754.6,1,157228665,WBC,ALL
SL008588_ENSG00000066294,SL008588,SL008588_ENSG00000066294.14,-6.66672236381131,-0.352414991100848,2.61579249808259e-11,0.00105380145827723,3.14102602316669e-05,0.862703312430829,9,9,9,SL008588_ENSG00000066294.14,1,160567169,WBC,ALL
SL000276_ENSG00000130203,SL000276,SL000276_ENSG00000130203.10,-7.39940795376982,-0.222799887786468,1.36793003219891e-13,0.0583361152030132,0.0738022033726768,2.12368903745133e-08,47,47,47,SL000276_ENSG00000130203.10,19,43577584,C-reactive,CAU
SL000277_ENSG00000130203,SL000277,SL000277_ENSG00000130203.10,-10.7677270582537,-0.35560400645169,4.88922295266257e-27,0.0407677612395803,0.0478939152141282,6.11373712628464e-06,23,23,23,SL000277_ENSG00000130203.10,19,43663801,C-reactive,CAU
SL001943_ENSG00000160712,SL001943,SL001943_ENSG00000160712.13,-11.6238557201829,-0.104722110424759,3.11742440220815e-31,0.469166236996629,0.724442711643859,8.510038645644e-143,26,27,27,SL001943_ENSG00000160712.13,1,154152591,C-reactive,CAU
SL004139_ENSG00000143590,SL004139,SL004139_ENSG00000143590.14,7.30605316162109,8.72242300663111,2.7510336752106e-13,3.50517825903415e-05,0.000229465582515916,0.761756498584807,1,1,1,SL004139_ENSG00000143590.14,1,154552497,C-reactive,CAU
SL004668_ENSG00000130203,SL004668,SL004668_ENSG00000130203.10,-7.09692280497378,-0.235052880516807,1.27565262769405e-12,0.0434839101296009,0.0497521762792362,3.8290525572918e-06,37,37,37,SL004668_ENSG00000130203.10,19,43662035,C-reactive,CAU
SL004669_ENSG00000130203,SL004669,SL004669_ENSG00000130203.10,-9.18566421537092,-0.291764042496419,4.08995300973253e-20,0.0480469325222791,0.0366245874654739,9.79280564307783e-05,45,45,45,SL004669_ENSG00000130203.10,19,43578277,C-reactive,CAU
SL004829_ENSG00000143556,SL004829,SL004829_ENSG00000143556.9,7.86722321897871,0.751092228124529,3.62599329964392e-15,0.00402271665851691,0.000401367034752723,0.686970739662744,10,10,10,SL004829_ENSG00000143556.9,1,152560266,C-reactive,CAU
SL000276_ENSG00000130203,SL000276,SL000276_ENSG00000130203.10,7.8521404233658,10.6435552655562,4.08996177283004e-15,0.0583361152030132,0.0738022033726768,2.12368903745133e-08,47,47,47,SL000276_ENSG00000130203.10,19,43577584,LDL_cholesterol,CAU
SL000277_ENSG00000130203,SL000277,SL000277_ENSG00000130203.10,6.58170805276477,9.225814510644,4.65074127331254e-11,0.0407677612395803,0.0478939152141282,6.11373712628464e-06,23,23,23,SL000277_ENSG00000130203.10,19,43663801,LDL_cholesterol,CAU
SL004668_ENSG00000130203,SL004668,SL004668_ENSG00000130203.10,6.44464109852426,9.40256477329008,1.15874290215015e-10,0.0434839101296009,0.0497521762792362,3.8290525572918e-06,37,37,37,SL004668_ENSG00000130203.10,19,43662035,LDL_cholesterol,CAU
SL004669_ENSG00000130203,SL004669,SL004669_ENSG00000130203.10,8.19043976458117,12.3962765543462,2.60273406997384e-16,0.0480469325222791,0.0366245874654739,9.79280564307783e-05,45,45,45,SL004669_ENSG00000130203.10,19,43578277,LDL_cholesterol,CAU
SL000019_ENSG00000118137,SL000019,SL000019_ENSG00000118137.9,6.23554414705233,0.346531530585581,4.50210359421659e-10,0.00205654150167584,0.00239251054498611,0.325617187688387,4,4,4,SL000019_ENSG00000118137.9,11,116802748,Triglyceride,CAU
SL004140_ENSG00000243364,SL004140,SL004140_ENSG00000243364.8,-6.44172298085466,-0.407710529313565,1.18124740303675e-10,0.000715442312271255,0,1,2,2,2,SL004140_ENSG00000243364.8,1,154824335,WBC,CAU
SL006108_ENSG00000073754,SL006108,SL006108_ENSG00000073754.6,9.68105125427246,1.55852264876942,3.62964340218456e-22,0.00017808887707941,0.00184244551390151,0.389525361321164,1,1,1,SL006108_ENSG00000073754.6,1,157834858,WBC,CAU
SL007674_ENSG00000122224,SL007674,SL007674_ENSG00000122224.18,6.26057327736176,0.0398064041953697,3.83564783412793e-10,0.0718302656078539,0.135658644041232,9.17994095778659e-15,16,16,16,SL007674_ENSG00000122224.18,1,159887725,WBC,CAU
SL014088_ENSG00000160856,SL014088,SL014088_ENSG00000160856.21,-7.96860063069222,-0.0317249279593451,1.60481160659985e-15,0.212778329666925,0.336806485974014,9.59802215816358e-42,8,8,8,SL014088_ENSG00000160856.21,1,157696854,WBC,CAU
SL001943_ENSG00000160712,SL001943,SL001943_ENSG00000160712.13,-9.54799665018907,-0.0966406643638449,1.32228421393559e-21,0.394034627906984,0.668996328142285,8.58537257965086e-22,28,28,28,SL001943_ENSG00000160712.13,1,154067378,C-reactive,CHN
SL004669_ENSG00000130203,SL004669,SL004669_ENSG00000130203.10,-8.80960083007812,-40.6944530980231,1.25592275401625e-18,0.000149815686377275,0.0161285022892156,0.303359936019978,1,1,1,SL004669_ENSG00000130203.10,19,44899005,HDL_cholesterol,CHN
SL004669_ENSG00000130203,SL004669,SL004669_ENSG00000130203.10,26.0333461761475,328.624700438781,2.07712054085872e-149,0.000149815686377275,0.0161285022892156,0.303359936019978,1,1,1,SL004669_ENSG00000130203.10,19,44899005,LDL_cholesterol,CHN
SL004669_ENSG00000130203,SL004669,SL004669_ENSG00000130203.10,19.3931713104248,267.579688524787,8.81317055130878e-84,0.000149815686377275,0.0161285022892156,0.303359936019978,1,1,1,SL004669_ENSG00000130203.10,19,44899005,Total_cholesterol,CHN
SL014088_ENSG00000160856,SL014088,SL014088_ENSG00000160856.21,-9.26386931846158,-0.0754930908388562,1.97155057762261e-20,0.0578503306785286,0.195201555746362,2.75674095869615e-05,17,18,18,SL014088_ENSG00000160856.21,1,157145529,WBC,CHN
SL000051_ENSG00000132693,SL000051,SL000051_ENSG00000132693.12,23.2892570495605,3.09661589362788,5.69646263116649e-120,0.00188043925512427,0.0089390815683041,0.107677011477721,1,1,1,SL000051_ENSG00000132693.12,1,159739028,C-reactive,HIS
SL001943_ENSG00000160712,SL001943,SL001943_ENSG00000160712.13,-12.0703680521411,-0.120542748969373,1.5145539802536e-33,0.391008946232831,0.600557540821334,1.88144822595185e-71,31,33,33,SL001943_ENSG00000160712.13,1,153483270,C-reactive,HIS
SL000276_ENSG00000130203,SL000276,SL000276_ENSG00000130203.10,-8.89666982523997,-2.98660998743058,5.75473774605037e-19,0.0502959097007732,0.0494697546383005,0.000108736113896241,28,30,30,SL000276_ENSG00000130203.10,19,43983498,HDL_cholesterol,HIS
SL000277_ENSG00000130203,SL000277,SL000277_ENSG00000130203.10,-9.43050931541165,-4.04974853649955,4.08102474454967e-21,0.0304609956994797,0.0645885549079522,7.32449078390629e-06,24,25,25,SL000277_ENSG00000130203.10,19,44011200,HDL_cholesterol,HIS
SL004668_ENSG00000130203,SL004668,SL004668_ENSG00000130203.10,-10.2348754958157,-5.29878515102381,1.3837304767334e-24,0.0216609732697995,0.0628197332271956,1.13471555400036e-05,8,8,8,SL004668_ENSG00000130203.10,19,44028301,HDL_cholesterol,HIS
SL004669_ENSG00000130203,SL004669,SL004669_ENSG00000130203.10,-10.350763651763,-6.60212736808854,4.15161012290113e-25,0.0143431505754693,0.0280983639409951,0.00362494841702211,13,13,13,SL004669_ENSG00000130203.10,19,44011200,HDL_cholesterol,HIS
SL000276_ENSG00000130203,SL000276,SL000276_ENSG00000130203.10,26.0046289788389,23.4761171211483,4.38976389928386e-149,0.0502959097007732,0.0494697546383005,0.000108736113896241,28,30,30,SL000276_ENSG00000130203.10,19,43983498,LDL_cholesterol,HIS
SL000277_ENSG00000130203,SL000277,SL000277_ENSG00000130203.10,27.3904879072486,32.1291523224963,3.56017891332671e-165,0.0304609956994797,0.0645885549079522,7.32449078390629e-06,24,25,25,SL000277_ENSG00000130203.10,19,44011200,LDL_cholesterol,HIS
SL000437_ENSG00000257017,SL000437,SL000437_ENSG00000257017.9,-6.76744074008971,-2.28385784198455,1.3108031075777e-11,0.4926216688398,0.426399682780858,1.76874929583622e-40,154,158,158,SL000437_ENSG00000257017.9,16,71059041,LDL_cholesterol,HIS
SL004668_ENSG00000130203,SL004668,SL004668_ENSG00000130203.10,29.5031695580161,40.9413986066827,2.62166905110262e-191,0.0216609732697995,0.0628197332271956,1.13471555400036e-05,8,8,8,SL004668_ENSG00000130203.10,19,44028301,LDL_cholesterol,HIS
SL004669_ENSG00000130203,SL004669,SL004669_ENSG00000130203.10,29.5231276056767,50.2007760824956,1.45369942172059e-191,0.0143431505754693,0.0280983639409951,0.00362494841702211,13,13,13,SL004669_ENSG00000130203.10,19,44011200,LDL_cholesterol,HIS
SL000276_ENSG00000130203,SL000276,SL000276_ENSG00000130203.10,18.6842146872518,18.6784424505594,6.65509913418142e-78,0.0502959097007732,0.0494697546383005,0.000108736113896241,28,30,30,SL000276_ENSG00000130203.10,19,43983498,Total_cholesterol,HIS
SL000277_ENSG00000130203,SL000277,SL000277_ENSG00000130203.10,19.8948327457675,25.893007550766,4.51110017395246e-88,0.0304609956994797,0.0645885549079522,7.32449078390629e-06,24,25,25,SL000277_ENSG00000130203.10,19,44011200,Total_cholesterol,HIS
SL000437_ENSG00000257017,SL000437,SL000437_ENSG00000257017.9,-6.69219133156053,-2.48928218778418,2.19853144718018e-11,0.4926216688398,0.426399682780858,1.76874929583622e-40,154,158,158,SL000437_ENSG00000257017.9,16,71059041,Total_cholesterol,HIS
SL004668_ENSG00000130203,SL004668,SL004668_ENSG00000130203.10,21.4854571674374,33.2534742535668,2.12957480462178e-102,0.0216609732697995,0.0628197332271956,1.13471555400036e-05,8,8,8,SL004668_ENSG00000130203.10,19,44028301,Total_cholesterol,HIS
SL004669_ENSG00000130203,SL004669,SL004669_ENSG00000130203.10,21.5770012517343,40.892602302977,2.95416849288244e-103,0.0143431505754693,0.0280983639409951,0.00362494841702211,13,13,13,SL004669_ENSG00000130203.10,19,44011200,Total_cholesterol,HIS
SL000051_ENSG00000132693,SL000051,SL000051_ENSG00000132693.12,-10.7891054153442,-0.417333649530769,3.87543484770933e-27,0.00188043925512427,0.0089390815683041,0.107677011477721,1,1,1,SL000051_ENSG00000132693.12,1,159739028,WBC,HIS
